[
    {
        "id": 1113146038,
        "node_id": "R_kgDOQllCtg",
        "name": "CSV-Student-Grade-Manager",
        "full_name": "krashutosh9199/CSV-Student-Grade-Manager",
        "private": false,
        "owner": {
            "login": "krashutosh9199",
            "id": 185186338,
            "node_id": "U_kgDOCwm4Ig",
            "avatar_url": "https://avatars.githubusercontent.com/u/185186338?v=4",
            "gravatar_id": "",
            "url": "https://api.github.com/users/krashutosh9199",
            "html_url": "https://github.com/krashutosh9199",
            "followers_url": "https://api.github.com/users/krashutosh9199/followers",
            "following_url": "https://api.github.com/users/krashutosh9199/following{/other_user}",
            "gists_url": "https://api.github.com/users/krashutosh9199/gists{/gist_id}",
            "starred_url": "https://api.github.com/users/krashutosh9199/starred{/owner}{/repo}",
            "subscriptions_url": "https://api.github.com/users/krashutosh9199/subscriptions",
            "organizations_url": "https://api.github.com/users/krashutosh9199/orgs",
            "repos_url": "https://api.github.com/users/krashutosh9199/repos",
            "events_url": "https://api.github.com/users/krashutosh9199/events{/privacy}",
            "received_events_url": "https://api.github.com/users/krashutosh9199/received_events",
            "type": "User",
            "user_view_type": "public",
            "site_admin": false
        },
        "html_url": "https://github.com/krashutosh9199/CSV-Student-Grade-Manager",
        "description": "A Python project that reads student marks from a CSV file, calculates total, percentage, and grade using a Student class and custom exception validation, and saves the final results to a new CSV file. The program automates grade generation and prints a simple report for easy student record management.",
        "fork": false,
        "url": "https://api.github.com/repos/krashutosh9199/CSV-Student-Grade-Manager",
        "forks_url": "https://api.github.com/repos/krashutosh9199/CSV-Student-Grade-Manager/forks",
        "keys_url": "https://api.github.com/repos/krashutosh9199/CSV-Student-Grade-Manager/keys{/key_id}",
        "collaborators_url": "https://api.github.com/repos/krashutosh9199/CSV-Student-Grade-Manager/collaborators{/collaborator}",
        "teams_url": "https://api.github.com/repos/krashutosh9199/CSV-Student-Grade-Manager/teams",
        "hooks_url": "https://api.github.com/repos/krashutosh9199/CSV-Student-Grade-Manager/hooks",
        "issue_events_url": "https://api.github.com/repos/krashutosh9199/CSV-Student-Grade-Manager/issues/events{/number}",
        "events_url": "https://api.github.com/repos/krashutosh9199/CSV-Student-Grade-Manager/events",
        "assignees_url": "https://api.github.com/repos/krashutosh9199/CSV-Student-Grade-Manager/assignees{/user}",
        "branches_url": "https://api.github.com/repos/krashutosh9199/CSV-Student-Grade-Manager/branches{/branch}",
        "tags_url": "https://api.github.com/repos/krashutosh9199/CSV-Student-Grade-Manager/tags",
        "blobs_url": "https://api.github.com/repos/krashutosh9199/CSV-Student-Grade-Manager/git/blobs{/sha}",
        "git_tags_url": "https://api.github.com/repos/krashutosh9199/CSV-Student-Grade-Manager/git/tags{/sha}",
        "git_refs_url": "https://api.github.com/repos/krashutosh9199/CSV-Student-Grade-Manager/git/refs{/sha}",
        "trees_url": "https://api.github.com/repos/krashutosh9199/CSV-Student-Grade-Manager/git/trees{/sha}",
        "statuses_url": "https://api.github.com/repos/krashutosh9199/CSV-Student-Grade-Manager/statuses/{sha}",
        "languages_url": "https://api.github.com/repos/krashutosh9199/CSV-Student-Grade-Manager/languages",
        "stargazers_url": "https://api.github.com/repos/krashutosh9199/CSV-Student-Grade-Manager/stargazers",
        "contributors_url": "https://api.github.com/repos/krashutosh9199/CSV-Student-Grade-Manager/contributors",
        "subscribers_url": "https://api.github.com/repos/krashutosh9199/CSV-Student-Grade-Manager/subscribers",
        "subscription_url": "https://api.github.com/repos/krashutosh9199/CSV-Student-Grade-Manager/subscription",
        "commits_url": "https://api.github.com/repos/krashutosh9199/CSV-Student-Grade-Manager/commits{/sha}",
        "git_commits_url": "https://api.github.com/repos/krashutosh9199/CSV-Student-Grade-Manager/git/commits{/sha}",
        "comments_url": "https://api.github.com/repos/krashutosh9199/CSV-Student-Grade-Manager/comments{/number}",
        "issue_comment_url": "https://api.github.com/repos/krashutosh9199/CSV-Student-Grade-Manager/issues/comments{/number}",
        "contents_url": "https://api.github.com/repos/krashutosh9199/CSV-Student-Grade-Manager/contents/{+path}",
        "compare_url": "https://api.github.com/repos/krashutosh9199/CSV-Student-Grade-Manager/compare/{base}...{head}",
        "merges_url": "https://api.github.com/repos/krashutosh9199/CSV-Student-Grade-Manager/merges",
        "archive_url": "https://api.github.com/repos/krashutosh9199/CSV-Student-Grade-Manager/{archive_format}{/ref}",
        "downloads_url": "https://api.github.com/repos/krashutosh9199/CSV-Student-Grade-Manager/downloads",
        "issues_url": "https://api.github.com/repos/krashutosh9199/CSV-Student-Grade-Manager/issues{/number}",
        "pulls_url": "https://api.github.com/repos/krashutosh9199/CSV-Student-Grade-Manager/pulls{/number}",
        "milestones_url": "https://api.github.com/repos/krashutosh9199/CSV-Student-Grade-Manager/milestones{/number}",
        "notifications_url": "https://api.github.com/repos/krashutosh9199/CSV-Student-Grade-Manager/notifications{?since,all,participating}",
        "labels_url": "https://api.github.com/repos/krashutosh9199/CSV-Student-Grade-Manager/labels{/name}",
        "releases_url": "https://api.github.com/repos/krashutosh9199/CSV-Student-Grade-Manager/releases{/id}",
        "deployments_url": "https://api.github.com/repos/krashutosh9199/CSV-Student-Grade-Manager/deployments",
        "created_at": "2025-12-09T15:27:19Z",
        "updated_at": "2025-12-09T15:38:38Z",
        "pushed_at": "2025-12-09T15:38:34Z",
        "git_url": "git://github.com/krashutosh9199/CSV-Student-Grade-Manager.git",
        "ssh_url": "git@github.com:krashutosh9199/CSV-Student-Grade-Manager.git",
        "clone_url": "https://github.com/krashutosh9199/CSV-Student-Grade-Manager.git",
        "svn_url": "https://github.com/krashutosh9199/CSV-Student-Grade-Manager",
        "homepage": null,
        "size": 1,
        "stargazers_count": 0,
        "watchers_count": 0,
        "language": "Python",
        "has_issues": true,
        "has_projects": true,
        "has_downloads": true,
        "has_wiki": true,
        "has_pages": false,
        "has_discussions": false,
        "forks_count": 0,
        "mirror_url": null,
        "archived": false,
        "disabled": false,
        "open_issues_count": 0,
        "license": null,
        "allow_forking": true,
        "is_template": false,
        "web_commit_signoff_required": false,
        "topics": [],
        "visibility": "public",
        "forks": 0,
        "open_issues": 0,
        "watchers": 0,
        "default_branch": "main"
    }
]