[
    {
        "id": 867204713,
        "node_id": "R_kgDOM7B-aQ",
        "name": "C-Codes",
        "full_name": "dealer-ayush/C-Codes",
        "private": false,
        "owner": {
            "login": "dealer-ayush",
            "id": 135795642,
            "node_id": "U_kgDOCBgTug",
            "avatar_url": "https://avatars.githubusercontent.com/u/135795642?v=4",
            "gravatar_id": "",
            "url": "https://api.github.com/users/dealer-ayush",
            "html_url": "https://github.com/dealer-ayush",
            "followers_url": "https://api.github.com/users/dealer-ayush/followers",
            "following_url": "https://api.github.com/users/dealer-ayush/following{/other_user}",
            "gists_url": "https://api.github.com/users/dealer-ayush/gists{/gist_id}",
            "starred_url": "https://api.github.com/users/dealer-ayush/starred{/owner}{/repo}",
            "subscriptions_url": "https://api.github.com/users/dealer-ayush/subscriptions",
            "organizations_url": "https://api.github.com/users/dealer-ayush/orgs",
            "repos_url": "https://api.github.com/users/dealer-ayush/repos",
            "events_url": "https://api.github.com/users/dealer-ayush/events{/privacy}",
            "received_events_url": "https://api.github.com/users/dealer-ayush/received_events",
            "type": "User",
            "user_view_type": "public",
            "site_admin": false
        },
        "html_url": "https://github.com/dealer-ayush/C-Codes",
        "description": null,
        "fork": false,
        "url": "https://api.github.com/repos/dealer-ayush/C-Codes",
        "forks_url": "https://api.github.com/repos/dealer-ayush/C-Codes/forks",
        "keys_url": "https://api.github.com/repos/dealer-ayush/C-Codes/keys{/key_id}",
        "collaborators_url": "https://api.github.com/repos/dealer-ayush/C-Codes/collaborators{/collaborator}",
        "teams_url": "https://api.github.com/repos/dealer-ayush/C-Codes/teams",
        "hooks_url": "https://api.github.com/repos/dealer-ayush/C-Codes/hooks",
        "issue_events_url": "https://api.github.com/repos/dealer-ayush/C-Codes/issues/events{/number}",
        "events_url": "https://api.github.com/repos/dealer-ayush/C-Codes/events",
        "assignees_url": "https://api.github.com/repos/dealer-ayush/C-Codes/assignees{/user}",
        "branches_url": "https://api.github.com/repos/dealer-ayush/C-Codes/branches{/branch}",
        "tags_url": "https://api.github.com/repos/dealer-ayush/C-Codes/tags",
        "blobs_url": "https://api.github.com/repos/dealer-ayush/C-Codes/git/blobs{/sha}",
        "git_tags_url": "https://api.github.com/repos/dealer-ayush/C-Codes/git/tags{/sha}",
        "git_refs_url": "https://api.github.com/repos/dealer-ayush/C-Codes/git/refs{/sha}",
        "trees_url": "https://api.github.com/repos/dealer-ayush/C-Codes/git/trees{/sha}",
        "statuses_url": "https://api.github.com/repos/dealer-ayush/C-Codes/statuses/{sha}",
        "languages_url": "https://api.github.com/repos/dealer-ayush/C-Codes/languages",
        "stargazers_url": "https://api.github.com/repos/dealer-ayush/C-Codes/stargazers",
        "contributors_url": "https://api.github.com/repos/dealer-ayush/C-Codes/contributors",
        "subscribers_url": "https://api.github.com/repos/dealer-ayush/C-Codes/subscribers",
        "subscription_url": "https://api.github.com/repos/dealer-ayush/C-Codes/subscription",
        "commits_url": "https://api.github.com/repos/dealer-ayush/C-Codes/commits{/sha}",
        "git_commits_url": "https://api.github.com/repos/dealer-ayush/C-Codes/git/commits{/sha}",
        "comments_url": "https://api.github.com/repos/dealer-ayush/C-Codes/comments{/number}",
        "issue_comment_url": "https://api.github.com/repos/dealer-ayush/C-Codes/issues/comments{/number}",
        "contents_url": "https://api.github.com/repos/dealer-ayush/C-Codes/contents/{+path}",
        "compare_url": "https://api.github.com/repos/dealer-ayush/C-Codes/compare/{base}...{head}",
        "merges_url": "https://api.github.com/repos/dealer-ayush/C-Codes/merges",
        "archive_url": "https://api.github.com/repos/dealer-ayush/C-Codes/{archive_format}{/ref}",
        "downloads_url": "https://api.github.com/repos/dealer-ayush/C-Codes/downloads",
        "issues_url": "https://api.github.com/repos/dealer-ayush/C-Codes/issues{/number}",
        "pulls_url": "https://api.github.com/repos/dealer-ayush/C-Codes/pulls{/number}",
        "milestones_url": "https://api.github.com/repos/dealer-ayush/C-Codes/milestones{/number}",
        "notifications_url": "https://api.github.com/repos/dealer-ayush/C-Codes/notifications{?since,all,participating}",
        "labels_url": "https://api.github.com/repos/dealer-ayush/C-Codes/labels{/name}",
        "releases_url": "https://api.github.com/repos/dealer-ayush/C-Codes/releases{/id}",
        "deployments_url": "https://api.github.com/repos/dealer-ayush/C-Codes/deployments",
        "created_at": "2024-10-03T16:22:28Z",
        "updated_at": "2025-08-09T09:37:46Z",
        "pushed_at": "2025-08-09T09:37:42Z",
        "git_url": "git://github.com/dealer-ayush/C-Codes.git",
        "ssh_url": "git@github.com:dealer-ayush/C-Codes.git",
        "clone_url": "https://github.com/dealer-ayush/C-Codes.git",
        "svn_url": "https://github.com/dealer-ayush/C-Codes",
        "homepage": null,
        "size": 52,
        "stargazers_count": 1,
        "watchers_count": 1,
        "language": "C",
        "has_issues": true,
        "has_projects": true,
        "has_downloads": true,
        "has_wiki": true,
        "has_pages": false,
        "has_discussions": false,
        "forks_count": 0,
        "mirror_url": null,
        "archived": false,
        "disabled": false,
        "open_issues_count": 0,
        "license": null,
        "allow_forking": true,
        "is_template": false,
        "web_commit_signoff_required": false,
        "topics": [],
        "visibility": "public",
        "forks": 0,
        "open_issues": 0,
        "watchers": 1,
        "default_branch": "main"
    },
    {
        "id": 1039052472,
        "node_id": "R_kgDOPe6uuA",
        "name": "DSA",
        "full_name": "dealer-ayush/DSA",
        "private": false,
        "owner": {
            "login": "dealer-ayush",
            "id": 135795642,
            "node_id": "U_kgDOCBgTug",
            "avatar_url": "https://avatars.githubusercontent.com/u/135795642?v=4",
            "gravatar_id": "",
            "url": "https://api.github.com/users/dealer-ayush",
            "html_url": "https://github.com/dealer-ayush",
            "followers_url": "https://api.github.com/users/dealer-ayush/followers",
            "following_url": "https://api.github.com/users/dealer-ayush/following{/other_user}",
            "gists_url": "https://api.github.com/users/dealer-ayush/gists{/gist_id}",
            "starred_url": "https://api.github.com/users/dealer-ayush/starred{/owner}{/repo}",
            "subscriptions_url": "https://api.github.com/users/dealer-ayush/subscriptions",
            "organizations_url": "https://api.github.com/users/dealer-ayush/orgs",
            "repos_url": "https://api.github.com/users/dealer-ayush/repos",
            "events_url": "https://api.github.com/users/dealer-ayush/events{/privacy}",
            "received_events_url": "https://api.github.com/users/dealer-ayush/received_events",
            "type": "User",
            "user_view_type": "public",
            "site_admin": false
        },
        "html_url": "https://github.com/dealer-ayush/DSA",
        "description": null,
        "fork": false,
        "url": "https://api.github.com/repos/dealer-ayush/DSA",
        "forks_url": "https://api.github.com/repos/dealer-ayush/DSA/forks",
        "keys_url": "https://api.github.com/repos/dealer-ayush/DSA/keys{/key_id}",
        "collaborators_url": "https://api.github.com/repos/dealer-ayush/DSA/collaborators{/collaborator}",
        "teams_url": "https://api.github.com/repos/dealer-ayush/DSA/teams",
        "hooks_url": "https://api.github.com/repos/dealer-ayush/DSA/hooks",
        "issue_events_url": "https://api.github.com/repos/dealer-ayush/DSA/issues/events{/number}",
        "events_url": "https://api.github.com/repos/dealer-ayush/DSA/events",
        "assignees_url": "https://api.github.com/repos/dealer-ayush/DSA/assignees{/user}",
        "branches_url": "https://api.github.com/repos/dealer-ayush/DSA/branches{/branch}",
        "tags_url": "https://api.github.com/repos/dealer-ayush/DSA/tags",
        "blobs_url": "https://api.github.com/repos/dealer-ayush/DSA/git/blobs{/sha}",
        "git_tags_url": "https://api.github.com/repos/dealer-ayush/DSA/git/tags{/sha}",
        "git_refs_url": "https://api.github.com/repos/dealer-ayush/DSA/git/refs{/sha}",
        "trees_url": "https://api.github.com/repos/dealer-ayush/DSA/git/trees{/sha}",
        "statuses_url": "https://api.github.com/repos/dealer-ayush/DSA/statuses/{sha}",
        "languages_url": "https://api.github.com/repos/dealer-ayush/DSA/languages",
        "stargazers_url": "https://api.github.com/repos/dealer-ayush/DSA/stargazers",
        "contributors_url": "https://api.github.com/repos/dealer-ayush/DSA/contributors",
        "subscribers_url": "https://api.github.com/repos/dealer-ayush/DSA/subscribers",
        "subscription_url": "https://api.github.com/repos/dealer-ayush/DSA/subscription",
        "commits_url": "https://api.github.com/repos/dealer-ayush/DSA/commits{/sha}",
        "git_commits_url": "https://api.github.com/repos/dealer-ayush/DSA/git/commits{/sha}",
        "comments_url": "https://api.github.com/repos/dealer-ayush/DSA/comments{/number}",
        "issue_comment_url": "https://api.github.com/repos/dealer-ayush/DSA/issues/comments{/number}",
        "contents_url": "https://api.github.com/repos/dealer-ayush/DSA/contents/{+path}",
        "compare_url": "https://api.github.com/repos/dealer-ayush/DSA/compare/{base}...{head}",
        "merges_url": "https://api.github.com/repos/dealer-ayush/DSA/merges",
        "archive_url": "https://api.github.com/repos/dealer-ayush/DSA/{archive_format}{/ref}",
        "downloads_url": "https://api.github.com/repos/dealer-ayush/DSA/downloads",
        "issues_url": "https://api.github.com/repos/dealer-ayush/DSA/issues{/number}",
        "pulls_url": "https://api.github.com/repos/dealer-ayush/DSA/pulls{/number}",
        "milestones_url": "https://api.github.com/repos/dealer-ayush/DSA/milestones{/number}",
        "notifications_url": "https://api.github.com/repos/dealer-ayush/DSA/notifications{?since,all,participating}",
        "labels_url": "https://api.github.com/repos/dealer-ayush/DSA/labels{/name}",
        "releases_url": "https://api.github.com/repos/dealer-ayush/DSA/releases{/id}",
        "deployments_url": "https://api.github.com/repos/dealer-ayush/DSA/deployments",
        "created_at": "2025-08-16T11:29:30Z",
        "updated_at": "2025-08-16T11:29:30Z",
        "pushed_at": "2025-08-16T11:29:30Z",
        "git_url": "git://github.com/dealer-ayush/DSA.git",
        "ssh_url": "git@github.com:dealer-ayush/DSA.git",
        "clone_url": "https://github.com/dealer-ayush/DSA.git",
        "svn_url": "https://github.com/dealer-ayush/DSA",
        "homepage": null,
        "size": 0,
        "stargazers_count": 0,
        "watchers_count": 0,
        "language": null,
        "has_issues": true,
        "has_projects": true,
        "has_downloads": true,
        "has_wiki": true,
        "has_pages": false,
        "has_discussions": false,
        "forks_count": 0,
        "mirror_url": null,
        "archived": false,
        "disabled": false,
        "open_issues_count": 0,
        "license": null,
        "allow_forking": true,
        "is_template": false,
        "web_commit_signoff_required": false,
        "topics": [],
        "visibility": "public",
        "forks": 0,
        "open_issues": 0,
        "watchers": 0,
        "default_branch": "main"
    },
    {
        "id": 1042212056,
        "node_id": "R_kgDOPh7k2A",
        "name": "Python",
        "full_name": "dealer-ayush/Python",
        "private": false,
        "owner": {
            "login": "dealer-ayush",
            "id": 135795642,
            "node_id": "U_kgDOCBgTug",
            "avatar_url": "https://avatars.githubusercontent.com/u/135795642?v=4",
            "gravatar_id": "",
            "url": "https://api.github.com/users/dealer-ayush",
            "html_url": "https://github.com/dealer-ayush",
            "followers_url": "https://api.github.com/users/dealer-ayush/followers",
            "following_url": "https://api.github.com/users/dealer-ayush/following{/other_user}",
            "gists_url": "https://api.github.com/users/dealer-ayush/gists{/gist_id}",
            "starred_url": "https://api.github.com/users/dealer-ayush/starred{/owner}{/repo}",
            "subscriptions_url": "https://api.github.com/users/dealer-ayush/subscriptions",
            "organizations_url": "https://api.github.com/users/dealer-ayush/orgs",
            "repos_url": "https://api.github.com/users/dealer-ayush/repos",
            "events_url": "https://api.github.com/users/dealer-ayush/events{/privacy}",
            "received_events_url": "https://api.github.com/users/dealer-ayush/received_events",
            "type": "User",
            "user_view_type": "public",
            "site_admin": false
        },
        "html_url": "https://github.com/dealer-ayush/Python",
        "description": null,
        "fork": false,
        "url": "https://api.github.com/repos/dealer-ayush/Python",
        "forks_url": "https://api.github.com/repos/dealer-ayush/Python/forks",
        "keys_url": "https://api.github.com/repos/dealer-ayush/Python/keys{/key_id}",
        "collaborators_url": "https://api.github.com/repos/dealer-ayush/Python/collaborators{/collaborator}",
        "teams_url": "https://api.github.com/repos/dealer-ayush/Python/teams",
        "hooks_url": "https://api.github.com/repos/dealer-ayush/Python/hooks",
        "issue_events_url": "https://api.github.com/repos/dealer-ayush/Python/issues/events{/number}",
        "events_url": "https://api.github.com/repos/dealer-ayush/Python/events",
        "assignees_url": "https://api.github.com/repos/dealer-ayush/Python/assignees{/user}",
        "branches_url": "https://api.github.com/repos/dealer-ayush/Python/branches{/branch}",
        "tags_url": "https://api.github.com/repos/dealer-ayush/Python/tags",
        "blobs_url": "https://api.github.com/repos/dealer-ayush/Python/git/blobs{/sha}",
        "git_tags_url": "https://api.github.com/repos/dealer-ayush/Python/git/tags{/sha}",
        "git_refs_url": "https://api.github.com/repos/dealer-ayush/Python/git/refs{/sha}",
        "trees_url": "https://api.github.com/repos/dealer-ayush/Python/git/trees{/sha}",
        "statuses_url": "https://api.github.com/repos/dealer-ayush/Python/statuses/{sha}",
        "languages_url": "https://api.github.com/repos/dealer-ayush/Python/languages",
        "stargazers_url": "https://api.github.com/repos/dealer-ayush/Python/stargazers",
        "contributors_url": "https://api.github.com/repos/dealer-ayush/Python/contributors",
        "subscribers_url": "https://api.github.com/repos/dealer-ayush/Python/subscribers",
        "subscription_url": "https://api.github.com/repos/dealer-ayush/Python/subscription",
        "commits_url": "https://api.github.com/repos/dealer-ayush/Python/commits{/sha}",
        "git_commits_url": "https://api.github.com/repos/dealer-ayush/Python/git/commits{/sha}",
        "comments_url": "https://api.github.com/repos/dealer-ayush/Python/comments{/number}",
        "issue_comment_url": "https://api.github.com/repos/dealer-ayush/Python/issues/comments{/number}",
        "contents_url": "https://api.github.com/repos/dealer-ayush/Python/contents/{+path}",
        "compare_url": "https://api.github.com/repos/dealer-ayush/Python/compare/{base}...{head}",
        "merges_url": "https://api.github.com/repos/dealer-ayush/Python/merges",
        "archive_url": "https://api.github.com/repos/dealer-ayush/Python/{archive_format}{/ref}",
        "downloads_url": "https://api.github.com/repos/dealer-ayush/Python/downloads",
        "issues_url": "https://api.github.com/repos/dealer-ayush/Python/issues{/number}",
        "pulls_url": "https://api.github.com/repos/dealer-ayush/Python/pulls{/number}",
        "milestones_url": "https://api.github.com/repos/dealer-ayush/Python/milestones{/number}",
        "notifications_url": "https://api.github.com/repos/dealer-ayush/Python/notifications{?since,all,participating}",
        "labels_url": "https://api.github.com/repos/dealer-ayush/Python/labels{/name}",
        "releases_url": "https://api.github.com/repos/dealer-ayush/Python/releases{/id}",
        "deployments_url": "https://api.github.com/repos/dealer-ayush/Python/deployments",
        "created_at": "2025-08-21T16:52:28Z",
        "updated_at": "2025-09-15T06:21:48Z",
        "pushed_at": "2025-09-15T06:21:45Z",
        "git_url": "git://github.com/dealer-ayush/Python.git",
        "ssh_url": "git@github.com:dealer-ayush/Python.git",
        "clone_url": "https://github.com/dealer-ayush/Python.git",
        "svn_url": "https://github.com/dealer-ayush/Python",
        "homepage": null,
        "size": 40,
        "stargazers_count": 0,
        "watchers_count": 0,
        "language": "Jupyter Notebook",
        "has_issues": true,
        "has_projects": true,
        "has_downloads": true,
        "has_wiki": true,
        "has_pages": false,
        "has_discussions": false,
        "forks_count": 0,
        "mirror_url": null,
        "archived": false,
        "disabled": false,
        "open_issues_count": 0,
        "license": null,
        "allow_forking": true,
        "is_template": false,
        "web_commit_signoff_required": false,
        "topics": [],
        "visibility": "public",
        "forks": 0,
        "open_issues": 0,
        "watchers": 0,
        "default_branch": "main"
    }
]